timestamp,vehicle_id,lat,lon,speed_kmh,engine_rpm,gear,fuel_level_pct,road_type,speed_limit_kmh,speeding,rpm_over_redline
2025-08-09T19:56:51.076273+00:00,TESTCAR01,52.2304,21.012203,3.5,800,1,95.0,rural,90,0,0
2025-08-09T19:56:51.326699+00:00,TESTCAR01,52.2304,21.012208,5.9,800,1,95.0,rural,90,0,0
2025-08-09T19:56:51.536311+00:00,TESTCAR01,52.230399,21.012215,9.0,989,1,95.0,rural,90,0,0
2025-08-09T19:56:51.745283+00:00,TESTCAR01,52.230399,21.012224,11.2,1229,1,95.0,rural,90,0,0
2025-08-09T19:56:51.959464+00:00,TESTCAR01,52.230398,21.012236,14.2,1565,1,95.0,rural,90,0,0
2025-08-09T19:56:52.166303+00:00,TESTCAR01,52.230398,21.012249,16.8,1852,1,95.0,rural,90,0,0
2025-08-09T19:56:52.372288+00:00,TESTCAR01,52.230398,21.012266,20.3,2235,1,95.0,rural,90,0,0
2025-08-09T19:56:52.576286+00:00,TESTCAR01,52.230397,21.012285,23.9,2626,1,95.0,rural,90,0,0
2025-08-09T19:56:52.786128+00:00,TESTCAR01,52.230396,21.012307,27.0,2965,1,95.0,rural,90,0,0
2025-08-09T19:56:52.997425+00:00,TESTCAR01,52.230395,21.012332,30.2,2112,2,95.0,rural,90,0,0
2025-08-09T19:56:53.200551+00:00,TESTCAR01,52.230393,21.012359,33.5,2346,2,95.0,rural,90,0,0
2025-08-09T19:56:53.408691+00:00,TESTCAR01,52.230392,21.012388,36.1,2528,2,95.0,rural,90,0,0
2025-08-09T19:56:53.612373+00:00,TESTCAR01,52.230391,21.01242,38.8,2715,2,95.0,rural,90,0,0
2025-08-09T19:56:53.815294+00:00,TESTCAR01,52.23039,21.012454,42.1,2949,2,95.0,rural,90,0,0
2025-08-09T19:56:54.020511+00:00,TESTCAR01,52.23039,21.012492,45.6,2280,3,95.0,rural,90,0,0
2025-08-09T19:56:54.225279+00:00,TESTCAR01,52.23039,21.012532,49.1,2456,3,95.0,rural,90,0,0
2025-08-09T19:56:54.430071+00:00,TESTCAR01,52.23039,21.012574,52.2,2607,3,95.0,rural,90,0,0
2025-08-09T19:56:54.638533+00:00,TESTCAR01,52.230388,21.01262,55.7,2784,3,95.0,rural,90,0,0
2025-08-09T19:56:54.848127+00:00,TESTCAR01,52.230388,21.012667,58.3,2914,3,95.0,rural,90,0,0
2025-08-09T19:56:55.057753+00:00,TESTCAR01,52.230387,21.012718,61.8,3090,3,95.0,rural,90,0,0
2025-08-09T19:56:55.263448+00:00,TESTCAR01,52.230387,21.01277,64.5,2580,4,95.0,rural,90,0,0
2025-08-09T19:56:55.468277+00:00,TESTCAR01,52.230385,21.012826,68.1,2723,4,95.0,rural,90,0,0
2025-08-09T19:56:55.672290+00:00,TESTCAR01,52.230384,21.012884,71.6,2862,4,95.0,rural,90,0,0
2025-08-09T19:56:55.877267+00:00,TESTCAR01,52.230384,21.012944,74.0,2958,4,95.0,rural,90,0,0
2025-08-09T19:56:56.081240+00:00,TESTCAR01,52.230382,21.013007,76.8,3072,4,95.0,rural,90,0,0
2025-08-09T19:56:56.284329+00:00,TESTCAR01,52.230382,21.013072,80.0,2639,5,95.0,rural,90,0,0
2025-08-09T19:56:56.489002+00:00,TESTCAR01,52.230382,21.013137,79.3,2615,5,95.0,rural,90,0,0
2025-08-09T19:56:56.695244+00:00,TESTCAR01,52.230381,21.013203,80.8,2666,5,95.0,rural,90,0,0
2025-08-09T19:56:56.903584+00:00,TESTCAR01,52.23038,21.01327,82.7,2730,5,95.0,rural,90,0,0
2025-08-09T19:56:57.107509+00:00,TESTCAR01,52.23038,21.01334,85.5,2820,5,95.0,rural,90,0,0
2025-08-09T19:56:57.310550+00:00,TESTCAR01,52.230379,21.013412,87.9,2899,5,95.0,rural,90,0,0
2025-08-09T19:56:57.514200+00:00,TESTCAR01,52.23038,21.013484,89.0,2936,5,95.0,rural,90,0,0
2025-08-09T19:56:57.718310+00:00,TESTCAR01,52.23038,21.013555,87.5,2887,5,95.0,rural,90,0,0
2025-08-09T19:56:57.921634+00:00,TESTCAR01,52.230379,21.013626,86.4,2849,5,95.0,rural,90,0,0
2025-08-09T19:56:58.124270+00:00,TESTCAR01,52.230381,21.013697,86.7,2861,5,95.0,rural,90,0,0
2025-08-09T19:56:58.327432+00:00,TESTCAR01,52.230384,21.013766,85.3,2813,5,95.0,rural,90,0,0
2025-08-09T19:56:58.533373+00:00,TESTCAR01,52.230387,21.013833,82.1,2707,5,95.0,rural,90,0,0
2025-08-09T19:56:58.737269+00:00,TESTCAR01,52.230389,21.013899,81.1,2676,5,95.0,rural,90,0,0
2025-08-09T19:56:58.940286+00:00,TESTCAR01,52.23039,21.013966,82.1,2710,5,95.0,rural,90,0,0
2025-08-09T19:56:59.143859+00:00,TESTCAR01,52.230389,21.014033,81.9,2703,5,95.0,rural,90,0,0
2025-08-09T19:56:59.347965+00:00,TESTCAR01,52.230389,21.014099,81.0,2674,5,95.0,rural,90,0,0
2025-08-09T19:56:59.553317+00:00,TESTCAR01,52.23039,21.014166,82.9,2736,5,95.0,rural,90,0,0
2025-08-09T19:56:59.757294+00:00,TESTCAR01,52.230388,21.014235,84.5,2787,5,95.0,rural,90,0,0
2025-08-09T19:56:59.960329+00:00,TESTCAR01,52.230385,21.014303,83.2,2745,5,95.0,rural,90,0,0
2025-08-09T19:57:00.164480+00:00,TESTCAR01,52.230383,21.01437,82.5,2723,5,95.0,rural,90,0,0
2025-08-09T19:57:00.367314+00:00,TESTCAR01,52.230379,21.01444,85.9,2835,5,95.0,rural,90,0,0
2025-08-09T19:57:00.571264+00:00,TESTCAR01,52.230375,21.014507,82.4,2718,5,95.0,rural,90,0,0
2025-08-09T19:57:00.775267+00:00,TESTCAR01,52.230369,21.014575,84.9,2801,5,95.0,rural,90,0,0
2025-08-09T19:57:00.978471+00:00,TESTCAR01,52.230364,21.014642,82.9,2736,5,95.0,rural,90,0,0
2025-08-09T19:57:01.185654+00:00,TESTCAR01,52.23036,21.01471,82.9,2735,5,95.0,rural,90,0,0
2025-08-09T19:57:01.390297+00:00,TESTCAR01,52.230356,21.014777,82.6,2726,5,95.0,rural,90,0,0
2025-08-09T19:57:01.597432+00:00,TESTCAR01,52.230354,21.014847,85.7,2828,5,95.0,rural,90,0,0
2025-08-09T19:57:01.801531+00:00,TESTCAR01,52.230352,21.014914,83.1,2742,5,95.0,rural,90,0,0
2025-08-09T19:57:02.005295+00:00,TESTCAR01,52.23035,21.014981,81.2,2678,5,95.0,rural,90,0,0
2025-08-09T19:57:02.209734+00:00,TESTCAR01,52.230347,21.015046,80.7,2662,5,95.0,rural,90,0,0
2025-08-09T19:57:02.412319+00:00,TESTCAR01,52.230346,21.015112,80.9,2669,5,95.0,rural,90,0,0
2025-08-09T19:57:02.615361+00:00,TESTCAR01,52.230345,21.015178,80.5,2657,5,95.0,rural,90,0,0
2025-08-09T19:57:02.818714+00:00,TESTCAR01,52.230346,21.015245,82.0,2704,5,95.0,rural,90,0,0
2025-08-09T19:57:03.028819+00:00,TESTCAR01,52.230348,21.015311,81.3,2682,5,95.0,rural,90,0,0
2025-08-09T19:57:03.237835+00:00,TESTCAR01,52.230349,21.015377,80.5,2656,5,95.0,rural,90,0,0
2025-08-09T19:57:03.444312+00:00,TESTCAR01,52.23035,21.015445,83.7,2762,5,95.0,rural,90,0,0
2025-08-09T19:57:03.648390+00:00,TESTCAR01,52.230349,21.015515,86.2,2844,5,95.0,rural,90,0,0
2025-08-09T19:57:03.853772+00:00,TESTCAR01,52.23035,21.015585,86.0,2837,5,95.0,rural,90,0,0
2025-08-09T19:57:04.059259+00:00,TESTCAR01,52.230353,21.015657,88.1,2907,5,95.0,rural,90,0,0
2025-08-09T19:57:04.263504+00:00,TESTCAR01,52.230356,21.01573,89.6,2957,5,95.0,rural,90,0,0
2025-08-09T19:57:04.467319+00:00,TESTCAR01,52.230359,21.015803,90.0,2969,5,95.0,rural,90,0,0
2025-08-09T19:57:04.673338+00:00,TESTCAR01,52.230361,21.015874,87.1,2873,5,95.0,rural,90,0,0
2025-08-09T19:57:04.876709+00:00,TESTCAR01,52.230362,21.015944,86.2,2845,5,95.0,rural,90,0,0
2025-08-09T19:57:05.082747+00:00,TESTCAR01,52.230365,21.016015,86.7,2860,5,95.0,rural,90,0,0
2025-08-09T19:57:05.293233+00:00,TESTCAR01,52.230368,21.016088,90.1,2974,5,95.0,rural,90,0,0
2025-08-09T19:57:05.494742+00:00,TESTCAR01,52.230369,21.01616,87.4,2883,5,95.0,rural,90,0,0
2025-08-09T19:57:05.698487+00:00,TESTCAR01,52.230373,21.016232,89.6,2958,5,95.0,rural,90,0,0
2025-08-09T19:57:05.902296+00:00,TESTCAR01,52.230378,21.016303,87.4,2884,5,95.0,rural,90,0,0
2025-08-09T19:57:06.110218+00:00,TESTCAR01,52.230382,21.016373,86.2,2843,5,95.0,rural,90,0,0
2025-08-09T19:57:06.312454+00:00,TESTCAR01,52.230385,21.016446,89.4,2949,5,95.0,rural,90,0,0
2025-08-09T19:57:06.515476+00:00,TESTCAR01,52.230387,21.016519,90.2,2975,5,95.0,rural,90,0,0
2025-08-09T19:57:06.718252+00:00,TESTCAR01,52.23039,21.016593,89.8,2964,5,95.0,rural,90,0,0
2025-08-09T19:57:06.920403+00:00,TESTCAR01,52.230395,21.016664,88.6,2925,5,95.0,rural,90,0,0
2025-08-09T19:57:07.123279+00:00,TESTCAR01,52.230398,21.016734,85.4,2816,5,95.0,rural,90,0,0
2025-08-09T19:57:07.326309+00:00,TESTCAR01,52.2304,21.016804,85.5,2820,5,95.0,rural,90,0,0
2025-08-09T19:57:07.530412+00:00,TESTCAR01,52.230402,21.016873,85.8,2830,5,95.0,rural,90,0,0
2025-08-09T19:57:07.733303+00:00,TESTCAR01,52.230406,21.01694,82.0,2707,5,95.0,urban,50,1,0
2025-08-09T19:57:07.936225+00:00,TESTCAR01,52.230409,21.017004,78.8,2600,5,95.0,urban,50,1,0
2025-08-09T19:57:08.143702+00:00,TESTCAR01,52.230409,21.017065,74.9,2472,5,95.0,urban,50,1,0
2025-08-09T19:57:08.346656+00:00,TESTCAR01,52.23041,21.017124,72.1,2380,5,95.0,urban,50,1,0
2025-08-09T19:57:08.550295+00:00,TESTCAR01,52.230413,21.01718,68.9,2273,5,95.0,urban,50,1,0
2025-08-09T19:57:08.754774+00:00,TESTCAR01,52.230417,21.017234,66.2,2184,5,95.0,urban,50,1,0
2025-08-09T19:57:08.958877+00:00,TESTCAR01,52.230421,21.017284,62.6,2067,5,95.0,urban,50,1,0
2025-08-09T19:57:09.163058+00:00,TESTCAR01,52.230425,21.017332,58.9,1943,5,95.0,urban,50,1,0
2025-08-09T19:57:09.366666+00:00,TESTCAR01,52.230429,21.017376,55.1,1816,5,95.0,urban,50,1,0
2025-08-09T19:57:09.571271+00:00,TESTCAR01,52.230433,21.017418,51.9,1712,5,95.0,urban,50,0,0
2025-08-09T19:57:09.779937+00:00,TESTCAR01,52.230437,21.017457,48.4,1598,5,95.0,urban,50,0,0
2025-08-09T19:57:09.984849+00:00,TESTCAR01,52.230439,21.017494,44.9,1480,5,95.0,urban,50,0,0
2025-08-09T19:57:10.188353+00:00,TESTCAR01,52.230442,21.017531,46.3,1528,5,95.0,urban,50,0,0
2025-08-09T19:57:10.394322+00:00,TESTCAR01,52.230445,21.017568,46.1,1520,5,95.0,urban,50,0,0
2025-08-09T19:57:10.596818+00:00,TESTCAR01,52.230448,21.017603,42.6,1407,5,95.0,urban,50,0,0
2025-08-09T19:57:10.800075+00:00,TESTCAR01,52.230452,21.017639,45.1,1489,5,95.0,urban,50,0,0
2025-08-09T19:57:11.002764+00:00,TESTCAR01,52.230456,21.017673,42.6,1405,5,95.0,urban,50,0,0
2025-08-09T19:57:11.207681+00:00,TESTCAR01,52.230459,21.017705,39.3,1573,4,95.0,urban,50,0,0
2025-08-09T19:57:11.410656+00:00,TESTCAR01,52.230462,21.017738,41.6,1663,4,95.0,urban,50,0,0
2025-08-09T19:57:11.612718+00:00,TESTCAR01,52.230466,21.017772,41.6,1662,4,95.0,urban,50,0,0
2025-08-09T19:57:11.814923+00:00,TESTCAR01,52.23047,21.017805,42.1,1683,4,95.0,urban,50,0,0
2025-08-09T19:57:12.021155+00:00,TESTCAR01,52.230476,21.017841,45.2,1806,4,95.0,urban,50,0,0
2025-08-09T19:57:12.226790+00:00,TESTCAR01,52.230481,21.017878,46.8,1872,4,95.0,urban,50,0,0
2025-08-09T19:57:12.429140+00:00,TESTCAR01,52.230487,21.017917,48.9,1957,4,95.0,urban,50,0,0
2025-08-09T19:57:12.631858+00:00,TESTCAR01,52.230492,21.017953,45.0,1799,4,95.0,urban,50,0,0
2025-08-09T19:57:12.834637+00:00,TESTCAR01,52.230497,21.017989,45.1,1803,4,95.0,urban,50,0,0
2025-08-09T19:57:13.036626+00:00,TESTCAR01,52.230501,21.018022,41.7,1666,4,95.0,urban,50,0,0
2025-08-09T19:57:13.239718+00:00,TESTCAR01,52.230506,21.018054,40.0,1599,4,95.0,urban,50,0,0
2025-08-09T19:57:13.443332+00:00,TESTCAR01,52.230512,21.018088,43.3,1733,4,95.0,urban,50,0,0
2025-08-09T19:57:13.645597+00:00,TESTCAR01,52.230517,21.018121,41.6,1663,4,95.0,urban,50,0,0
2025-08-09T19:57:13.848404+00:00,TESTCAR01,52.230523,21.018155,44.0,1760,4,95.0,urban,50,0,0
2025-08-09T19:57:14.050776+00:00,TESTCAR01,52.230529,21.01819,44.3,1771,4,95.0,urban,50,0,0
2025-08-09T19:57:14.254738+00:00,TESTCAR01,52.230536,21.018226,47.0,1879,4,95.0,urban,50,0,0
2025-08-09T19:57:14.459679+00:00,TESTCAR01,52.230542,21.018262,45.6,1823,4,95.0,urban,50,0,0
2025-08-09T19:57:14.663139+00:00,TESTCAR01,52.230548,21.018295,41.8,1670,4,95.0,urban,50,0,0
2025-08-09T19:57:14.866427+00:00,TESTCAR01,52.230554,21.018325,38.2,1528,4,95.0,urban,50,0,0
2025-08-09T19:57:15.078712+00:00,TESTCAR01,52.230559,21.018352,35.2,1409,4,95.0,urban,50,0,0
2025-08-09T19:57:15.282715+00:00,TESTCAR01,52.230563,21.018377,32.1,1607,3,95.0,urban,50,0,0
2025-08-09T19:57:15.486309+00:00,TESTCAR01,52.230567,21.0184,29.0,1448,3,95.0,urban,50,0,0
2025-08-09T19:57:15.690874+00:00,TESTCAR01,52.230571,21.01842,25.2,1760,2,95.0,urban,50,0,0
2025-08-09T19:57:15.893183+00:00,TESTCAR01,52.230574,21.018437,21.8,1524,2,95.0,urban,50,0,0
2025-08-09T19:57:16.097276+00:00,TESTCAR01,52.230576,21.018451,18.1,1995,1,95.0,urban,50,0,0
2025-08-09T19:57:16.301939+00:00,TESTCAR01,52.230578,21.018463,14.6,1607,1,95.0,urban,50,0,0
2025-08-09T19:57:16.507813+00:00,TESTCAR01,52.230579,21.018472,12.0,1323,1,95.0,urban,50,0,0
2025-08-09T19:57:16.712761+00:00,TESTCAR01,52.23058,21.018479,8.8,967,1,95.0,urban,50,0,0
2025-08-09T19:57:16.925344+00:00,TESTCAR01,52.230581,21.018484,5.6,800,1,95.0,urban,50,0,0
2025-08-09T19:57:17.133851+00:00,TESTCAR01,52.230581,21.018486,3.3,800,1,95.0,urban,50,0,0
2025-08-09T19:57:17.339088+00:00,TESTCAR01,52.230582,21.018491,5.7,800,1,95.0,urban,50,0,0
2025-08-09T19:57:17.542061+00:00,TESTCAR01,52.230582,21.018498,8.8,970,1,95.0,urban,50,0,0
2025-08-09T19:57:17.744840+00:00,TESTCAR01,52.230584,21.018507,11.9,1312,1,95.0,urban,50,0,0
2025-08-09T19:57:17.947612+00:00,TESTCAR01,52.230585,21.018519,14.7,1612,1,95.0,urban,50,0,0
2025-08-09T19:57:18.150563+00:00,TESTCAR01,52.230588,21.018533,17.8,1958,1,95.0,urban,50,0,0
2025-08-09T19:57:18.352914+00:00,TESTCAR01,52.230591,21.01855,21.4,2351,1,95.0,urban,50,0,0
2025-08-09T19:57:18.556820+00:00,TESTCAR01,52.230594,21.018569,23.8,2622,1,95.0,urban,50,0,0
2025-08-09T19:57:18.759837+00:00,TESTCAR01,52.230598,21.018589,26.7,2934,1,95.0,urban,50,0,0
2025-08-09T19:57:18.962623+00:00,TESTCAR01,52.230602,21.018612,29.0,2026,2,95.0,urban,50,0,0
2025-08-09T19:57:19.165822+00:00,TESTCAR01,52.230606,21.018637,31.7,2219,2,95.0,urban,50,0,0
2025-08-09T19:57:19.368661+00:00,TESTCAR01,52.23061,21.018664,34.7,2430,2,95.0,urban,50,0,0
2025-08-09T19:57:19.575637+00:00,TESTCAR01,52.230615,21.018695,38.3,2681,2,95.0,urban,50,0,0
2025-08-09T19:57:19.781630+00:00,TESTCAR01,52.230622,21.018726,40.0,2799,2,95.0,urban,50,0,0
2025-08-09T19:57:19.985633+00:00,TESTCAR01,52.230628,21.018756,39.7,2781,2,95.0,urban,50,0,0
2025-08-09T19:57:20.188834+00:00,TESTCAR01,52.230634,21.01879,43.1,3018,2,95.0,urban,50,0,0
2025-08-09T19:57:20.392779+00:00,TESTCAR01,52.230642,21.018825,45.7,2286,3,95.0,urban,50,0,0
2025-08-09T19:57:20.595683+00:00,TESTCAR01,52.23065,21.018859,44.8,2239,3,95.0,urban,50,0,0
2025-08-09T19:57:20.799655+00:00,TESTCAR01,52.230658,21.018892,42.8,2141,3,95.0,urban,50,0,0
2025-08-09T19:57:21.002787+00:00,TESTCAR01,52.230666,21.018921,39.5,1975,3,95.0,urban,50,0,0
2025-08-09T19:57:21.205900+00:00,TESTCAR01,52.230675,21.01895,39.2,1959,3,95.0,urban,50,0,0
2025-08-09T19:57:21.410162+00:00,TESTCAR01,52.230684,21.01898,41.4,2070,3,95.0,urban,50,0,0
2025-08-09T19:57:21.613253+00:00,TESTCAR01,52.230692,21.019009,39.6,1981,3,94.9,urban,50,0,0
2025-08-09T19:57:21.817076+00:00,TESTCAR01,52.230701,21.019041,42.6,2127,3,94.9,urban,50,0,0
2025-08-09T19:57:22.025053+00:00,TESTCAR01,52.230711,21.019071,42.2,2108,3,94.9,urban,50,0,0
2025-08-09T19:57:22.228895+00:00,TESTCAR01,52.230721,21.019099,39.8,1990,3,94.9,urban,50,0,0
2025-08-09T19:57:22.434572+00:00,TESTCAR01,52.230732,21.01913,43.4,2168,3,94.9,urban,50,0,0
2025-08-09T19:57:22.640691+00:00,TESTCAR01,52.230742,21.019159,41.3,2067,3,94.9,urban,50,0,0
2025-08-09T19:57:22.843040+00:00,TESTCAR01,52.230752,21.019187,38.7,1936,3,94.9,urban,50,0,0
2025-08-09T19:57:23.047926+00:00,TESTCAR01,52.230761,21.019217,41.6,2079,3,94.9,urban,50,0,0
2025-08-09T19:57:23.255391+00:00,TESTCAR01,52.230772,21.019245,41.1,2056,3,94.9,urban,50,0,0
2025-08-09T19:57:23.459827+00:00,TESTCAR01,52.230782,21.019274,40.1,2005,3,94.9,urban,50,0,0
2025-08-09T19:57:23.665026+00:00,TESTCAR01,52.230791,21.019305,42.9,2143,3,94.9,urban,50,0,0
2025-08-09T19:57:23.873458+00:00,TESTCAR01,52.230801,21.019336,42.8,2141,3,94.9,urban,50,0,0
2025-08-09T19:57:24.079736+00:00,TESTCAR01,52.230812,21.019366,42.1,2106,3,94.9,urban,50,0,0
2025-08-09T19:57:24.283547+00:00,TESTCAR01,52.230821,21.019396,41.9,2097,3,94.9,urban,50,0,0
2025-08-09T19:57:24.490006+00:00,TESTCAR01,52.230831,21.019425,40.4,2020,3,94.9,urban,50,0,0
2025-08-09T19:57:24.694761+00:00,TESTCAR01,52.23084,21.019457,42.7,2132,3,94.9,urban,50,0,0
2025-08-09T19:57:24.899223+00:00,TESTCAR01,52.23085,21.019488,43.1,2153,3,94.9,urban,50,0,0
2025-08-09T19:57:25.107496+00:00,TESTCAR01,52.23086,21.019522,46.1,2304,3,94.9,highway,130,0,0
2025-08-09T19:57:25.310370+00:00,TESTCAR01,52.23087,21.019558,49.3,2465,3,94.9,highway,130,0,0
2025-08-09T19:57:25.512790+00:00,TESTCAR01,52.23088,21.019598,52.7,2635,3,94.9,highway,130,0,0
2025-08-09T19:57:25.717395+00:00,TESTCAR01,52.230892,21.01964,56.0,2801,3,94.9,highway,130,0,0
2025-08-09T19:57:25.921878+00:00,TESTCAR01,52.230904,21.019684,59.4,2969,3,94.9,highway,130,0,0
2025-08-09T19:57:26.126249+00:00,TESTCAR01,52.230916,21.019731,62.4,2496,4,94.9,highway,130,0,0
2025-08-09T19:57:26.331227+00:00,TESTCAR01,52.230929,21.01978,65.5,2620,4,94.9,highway,130,0,0
2025-08-09T19:57:26.536629+00:00,TESTCAR01,52.230941,21.019832,67.7,2707,4,94.9,highway,130,0,0
2025-08-09T19:57:26.739047+00:00,TESTCAR01,52.230955,21.019885,70.9,2836,4,94.9,highway,130,0,0
2025-08-09T19:57:26.944573+00:00,TESTCAR01,52.23097,21.01994,74.2,2967,4,94.9,highway,130,0,0
2025-08-09T19:57:27.148018+00:00,TESTCAR01,52.230986,21.019997,76.6,3063,4,94.9,highway,130,0,0
2025-08-09T19:57:27.351380+00:00,TESTCAR01,52.231002,21.020057,80.1,2642,5,94.9,highway,130,0,0
2025-08-09T19:57:27.555038+00:00,TESTCAR01,52.231019,21.020118,82.3,2714,5,94.9,highway,130,0,0
2025-08-09T19:57:27.760269+00:00,TESTCAR01,52.231036,21.020182,85.1,2807,5,94.9,highway,130,0,0
2025-08-09T19:57:27.964751+00:00,TESTCAR01,52.231053,21.020248,88.0,2903,5,94.9,highway,130,0,0
2025-08-09T19:57:28.168756+00:00,TESTCAR01,52.231072,21.020315,91.1,3007,5,94.9,highway,130,0,0
2025-08-09T19:57:28.381734+00:00,TESTCAR01,52.23109,21.020386,93.9,3100,5,94.9,highway,130,0,0
2025-08-09T19:57:28.586692+00:00,TESTCAR01,52.231109,21.020459,96.7,2707,6,94.9,highway,130,0,0
2025-08-09T19:57:28.791229+00:00,TESTCAR01,52.231126,21.020535,99.6,2790,6,94.9,highway,130,0,0
2025-08-09T19:57:28.996083+00:00,TESTCAR01,52.231145,21.020612,102.0,2855,6,94.9,highway,130,0,0
2025-08-09T19:57:29.201742+00:00,TESTCAR01,52.231165,21.020692,105.3,2947,6,94.9,highway,130,0,0
2025-08-09T19:57:29.407310+00:00,TESTCAR01,52.231186,21.020773,108.5,3038,6,94.9,highway,130,0,0
2025-08-09T19:57:29.612572+00:00,TESTCAR01,52.231208,21.020857,111.5,3122,6,94.9,highway,130,0,0
2025-08-09T19:57:29.816584+00:00,TESTCAR01,52.23123,21.020943,113.7,3183,6,94.9,highway,130,0,0
2025-08-09T19:57:30.019825+00:00,TESTCAR01,52.231252,21.02103,117.0,3277,6,94.9,highway,130,0,0
2025-08-09T19:57:30.224099+00:00,TESTCAR01,52.231277,21.021116,116.1,3251,6,94.9,highway,130,0,0
2025-08-09T19:57:30.428684+00:00,TESTCAR01,52.231305,21.021202,118.3,3312,6,94.9,highway,130,0,0
2025-08-09T19:57:30.631683+00:00,TESTCAR01,52.231333,21.021289,121.5,3402,6,94.9,highway,130,0,0
2025-08-09T19:57:30.835187+00:00,TESTCAR01,52.23136,21.021377,120.5,3374,6,94.9,highway,130,0,0
2025-08-09T19:57:31.037604+00:00,TESTCAR01,52.231385,21.021466,119.3,3341,6,94.9,highway,130,0,0
2025-08-09T19:57:31.240107+00:00,TESTCAR01,52.231411,21.021555,121.9,3413,6,94.9,highway,130,0,0
2025-08-09T19:57:31.440940+00:00,TESTCAR01,52.231439,21.021644,122.3,3424,6,94.9,highway,130,0,0
2025-08-09T19:57:31.645010+00:00,TESTCAR01,52.231469,21.021731,122.6,3433,6,94.9,highway,130,0,0
2025-08-09T19:57:31.847784+00:00,TESTCAR01,52.231499,21.021822,126.0,3527,6,94.9,highway,130,0,0
2025-08-09T19:57:32.049833+00:00,TESTCAR01,52.231528,21.021911,124.0,3473,6,94.9,highway,130,0,0
2025-08-09T19:57:32.251685+00:00,TESTCAR01,52.231559,21.022001,126.3,3537,6,94.9,highway,130,0,0
2025-08-09T19:57:32.455320+00:00,TESTCAR01,52.23159,21.022091,126.8,3551,6,94.9,highway,130,0,0
2025-08-09T19:57:32.660834+00:00,TESTCAR01,52.231623,21.022178,124.8,3493,6,94.9,highway,130,0,0
2025-08-09T19:57:32.867225+00:00,TESTCAR01,52.231653,21.022265,123.0,3444,6,94.9,highway,130,0,0
2025-08-09T19:57:33.071003+00:00,TESTCAR01,52.231684,21.022352,122.8,3437,6,94.9,highway,130,0,0
2025-08-09T19:57:33.276680+00:00,TESTCAR01,52.231715,21.022436,120.9,3384,6,94.9,highway,130,0,0
2025-08-09T19:57:33.481010+00:00,TESTCAR01,52.231744,21.022523,121.5,3401,6,94.9,highway,130,0,0
2025-08-09T19:57:33.685196+00:00,TESTCAR01,52.231772,21.022611,121.8,3411,6,94.9,highway,130,0,0
2025-08-09T19:57:33.888699+00:00,TESTCAR01,52.2318,21.022702,124.9,3495,6,94.9,highway,130,0,0
2025-08-09T19:57:34.094330+00:00,TESTCAR01,52.231827,21.022794,124.4,3484,6,94.9,highway,130,0,0
2025-08-09T19:57:34.299281+00:00,TESTCAR01,52.231856,21.022887,127.6,3572,6,94.9,highway,130,0,0
2025-08-09T19:57:34.504644+00:00,TESTCAR01,52.231887,21.022979,128.7,3602,6,94.9,highway,130,0,0
2025-08-09T19:57:34.712980+00:00,TESTCAR01,52.23192,21.023067,127.1,3557,6,94.9,highway,130,0,0
2025-08-09T19:57:34.917704+00:00,TESTCAR01,52.231955,21.023154,126.9,3552,6,94.9,highway,130,0,0
2025-08-09T19:57:35.122062+00:00,TESTCAR01,52.231989,21.023242,128.4,3595,6,94.9,highway,130,0,0
2025-08-09T19:57:35.323847+00:00,TESTCAR01,52.232026,21.023329,129.3,3620,6,94.9,highway,130,0,0
2025-08-09T19:57:35.531236+00:00,TESTCAR01,52.232061,21.023416,127.3,3564,6,94.9,highway,130,0,0
2025-08-09T19:57:35.737008+00:00,TESTCAR01,52.232093,21.023506,128.1,3586,6,94.9,highway,130,0,0
2025-08-09T19:57:35.937877+00:00,TESTCAR01,52.232125,21.023593,124.7,3492,6,94.9,highway,130,0,0
2025-08-09T19:57:36.139852+00:00,TESTCAR01,52.23216,21.023677,123.8,3465,6,94.9,highway,130,0,0
2025-08-09T19:57:36.343826+00:00,TESTCAR01,52.232194,21.02376,123.3,3451,6,94.9,highway,130,0,0
2025-08-09T19:57:36.549966+00:00,TESTCAR01,52.232229,21.023846,126.1,3531,6,94.9,highway,130,0,0
2025-08-09T19:57:36.755059+00:00,TESTCAR01,52.232264,21.02393,125.0,3500,6,94.9,highway,130,0,0
2025-08-09T19:57:36.959210+00:00,TESTCAR01,52.232297,21.024017,125.4,3509,6,94.9,highway,130,0,0
2025-08-09T19:57:37.167306+00:00,TESTCAR01,52.232329,21.024103,122.9,3441,6,94.9,highway,130,0,0
2025-08-09T19:57:37.370587+00:00,TESTCAR01,52.232361,21.024188,123.2,3449,6,94.9,highway,130,0,0
2025-08-09T19:57:37.574097+00:00,TESTCAR01,52.232393,21.024277,125.5,3514,6,94.9,highway,130,0,0
2025-08-09T19:57:37.780612+00:00,TESTCAR01,52.232424,21.024365,124.5,3487,6,94.9,highway,130,0,0
2025-08-09T19:57:37.984022+00:00,TESTCAR01,52.232453,21.024454,123.7,3462,6,94.9,highway,130,0,0
2025-08-09T19:57:38.189695+00:00,TESTCAR01,52.232481,21.024546,126.1,3530,6,94.9,highway,130,0,0
2025-08-09T19:57:38.394583+00:00,TESTCAR01,52.232509,21.02464,128.2,3589,6,94.9,highway,130,0,0
2025-08-09T19:57:38.603048+00:00,TESTCAR01,52.232538,21.024734,129.3,3620,6,94.9,highway,130,0,0
2025-08-09T19:57:38.809750+00:00,TESTCAR01,52.232566,21.024828,127.6,3573,6,94.9,highway,130,0,0
2025-08-09T19:57:39.013416+00:00,TESTCAR01,52.232594,21.024922,128.5,3598,6,94.9,highway,130,0,0
2025-08-09T19:57:39.220171+00:00,TESTCAR01,52.232623,21.025012,124.7,3491,6,94.9,highway,130,0,0
2025-08-09T19:57:39.431519+00:00,TESTCAR01,52.232654,21.025103,128.3,3592,6,94.9,highway,130,0,0
2025-08-09T19:57:39.635025+00:00,TESTCAR01,52.232687,21.025191,125.7,3520,6,94.9,highway,130,0,0
2025-08-09T19:57:39.841327+00:00,TESTCAR01,52.232722,21.025277,126.2,3533,6,94.9,highway,130,0,0
2025-08-09T19:57:40.044977+00:00,TESTCAR01,52.232755,21.025361,122.5,3429,6,94.9,highway,130,0,0
2025-08-09T19:57:40.251503+00:00,TESTCAR01,52.23279,21.025443,122.1,3418,6,94.9,highway,130,0,0
2025-08-09T19:57:40.459549+00:00,TESTCAR01,52.232824,21.025524,120.9,3386,6,94.9,highway,130,0,0
2025-08-09T19:57:40.666474+00:00,TESTCAR01,52.232858,21.025607,122.5,3428,6,94.9,highway,130,0,0
2025-08-09T19:57:40.872644+00:00,TESTCAR01,52.232895,21.025686,121.9,3414,6,94.9,highway,130,0,0
2025-08-09T19:57:41.077538+00:00,TESTCAR01,52.232928,21.025768,120.3,3368,6,94.9,highway,130,0,0
2025-08-09T19:57:41.282239+00:00,TESTCAR01,52.23296,21.025853,121.8,3410,6,94.9,highway,130,0,0
2025-08-09T19:57:41.486957+00:00,TESTCAR01,52.232989,21.025939,120.9,3384,6,94.9,highway,130,0,0
2025-08-09T19:57:41.689975+00:00,TESTCAR01,52.233022,21.026025,123.8,3467,6,94.9,highway,130,0,0
2025-08-09T19:57:41.892084+00:00,TESTCAR01,52.233052,21.026112,123.5,3458,6,94.9,highway,130,0,0
2025-08-09T19:57:42.094963+00:00,TESTCAR01,52.233084,21.026202,127.1,3557,6,94.9,highway,130,0,0
2025-08-09T19:57:42.297583+00:00,TESTCAR01,52.233114,21.026291,124.3,3481,6,94.9,highway,130,0,0
2025-08-09T19:57:42.501634+00:00,TESTCAR01,52.233147,21.026379,125.8,3523,6,94.9,highway,130,0,0
2025-08-09T19:57:42.704495+00:00,TESTCAR01,52.233181,21.026463,123.3,3452,6,94.9,rural,90,1,0
2025-08-09T19:57:42.910097+00:00,TESTCAR01,52.233212,21.026546,119.6,3349,6,94.9,rural,90,1,0
2025-08-09T19:57:43.114283+00:00,TESTCAR01,52.233242,21.026627,116.5,3260,6,94.9,rural,90,1,0
2025-08-09T19:57:43.319084+00:00,TESTCAR01,52.23327,21.026708,113.5,3176,6,94.9,rural,90,1,0
2025-08-09T19:57:43.522204+00:00,TESTCAR01,52.233299,21.026784,110.2,3085,6,94.9,rural,90,1,0
2025-08-09T19:57:43.726931+00:00,TESTCAR01,52.233326,21.026859,106.9,2992,6,94.9,rural,90,1,0
2025-08-09T19:57:43.930838+00:00,TESTCAR01,52.233352,21.026933,103.6,2899,6,94.9,rural,90,1,0
2025-08-09T19:57:44.135546+00:00,TESTCAR01,52.233374,21.027006,101.0,2829,6,94.9,rural,90,1,0
2025-08-09T19:57:44.341366+00:00,TESTCAR01,52.233395,21.027078,97.3,2725,6,94.9,rural,90,1,0
2025-08-09T19:57:44.546465+00:00,TESTCAR01,52.233417,21.027147,95.7,2678,6,94.9,rural,90,1,0
2025-08-09T19:57:44.752644+00:00,TESTCAR01,52.233438,21.027216,94.3,2640,6,94.9,rural,90,0,0
2025-08-09T19:57:44.956883+00:00,TESTCAR01,52.233458,21.027284,91.5,2561,6,94.9,rural,90,0,0
2025-08-09T19:57:45.160364+00:00,TESTCAR01,52.233476,21.027349,88.5,2478,6,94.9,rural,90,0,0
2025-08-09T19:57:45.365339+00:00,TESTCAR01,52.233495,21.027411,85.4,2391,6,94.9,rural,90,0,0
2025-08-09T19:57:45.587292+00:00,TESTCAR01,52.233513,21.027473,83.5,2336,6,94.9,rural,90,0,0
2025-08-09T19:57:45.790246+00:00,TESTCAR01,52.233531,21.027534,83.1,2327,6,94.9,rural,90,0,0
2025-08-09T19:57:45.993223+00:00,TESTCAR01,52.233549,21.027593,80.9,2266,6,94.9,rural,90,0,0
2025-08-09T19:57:46.198506+00:00,TESTCAR01,52.233567,21.027655,84.0,2351,6,94.9,rural,90,0,0
2025-08-09T19:57:46.403353+00:00,TESTCAR01,52.233587,21.027717,85.6,2395,6,94.9,rural,90,0,0
2025-08-09T19:57:46.610467+00:00,TESTCAR01,52.233605,21.027777,82.8,2319,6,94.9,rural,90,0,0
2025-08-09T19:57:46.816385+00:00,TESTCAR01,52.233622,21.027837,81.2,2272,6,94.9,rural,90,0,0
2025-08-09T19:57:47.019299+00:00,TESTCAR01,52.233638,21.027898,80.4,2252,6,94.9,rural,90,0,0
2025-08-09T19:57:47.228186+00:00,TESTCAR01,52.233654,21.027958,81.2,2272,6,94.9,rural,90,0,0
2025-08-09T19:57:47.431036+00:00,TESTCAR01,52.23367,21.028022,84.6,2368,6,94.9,rural,90,0,0
2025-08-09T19:57:47.635123+00:00,TESTCAR01,52.233687,21.028083,81.3,2275,6,94.9,rural,90,0,0
2025-08-09T19:57:47.837902+00:00,TESTCAR01,52.233702,21.028144,80.6,2256,6,94.9,rural,90,0,0
2025-08-09T19:57:48.039908+00:00,TESTCAR01,52.233718,21.028205,81.3,2275,6,94.9,rural,90,0,0
2025-08-09T19:57:48.242629+00:00,TESTCAR01,52.233736,21.028265,81.2,2273,6,94.9,rural,90,0,0
2025-08-09T19:57:48.444920+00:00,TESTCAR01,52.233755,21.028326,84.0,2353,6,94.8,rural,90,0,0
2025-08-09T19:57:48.647018+00:00,TESTCAR01,52.233775,21.028384,81.8,2290,6,94.8,rural,90,0,0
2025-08-09T19:57:48.849441+00:00,TESTCAR01,52.233795,21.028442,81.6,2283,6,94.8,rural,90,0,0
2025-08-09T19:57:49.051981+00:00,TESTCAR01,52.233813,21.028503,84.0,2351,6,94.8,rural,90,0,0
2025-08-09T19:57:49.254074+00:00,TESTCAR01,52.233832,21.028565,83.8,2345,6,94.8,rural,90,0,0
2025-08-09T19:57:49.456024+00:00,TESTCAR01,52.23385,21.028623,80.7,2259,6,94.8,urban,50,1,0
2025-08-09T19:57:49.661995+00:00,TESTCAR01,52.233868,21.028679,77.3,2165,6,94.8,urban,50,1,0
2025-08-09T19:57:49.874881+00:00,TESTCAR01,52.233886,21.028731,73.9,2068,6,94.8,urban,50,1,0
2025-08-09T19:57:50.083206+00:00,TESTCAR01,52.233902,21.028783,70.4,1971,6,94.8,urban,50,1,0
2025-08-09T19:57:50.286188+00:00,TESTCAR01,52.233918,21.028831,67.2,1881,6,94.8,urban,50,1,0
2025-08-09T19:57:50.493612+00:00,TESTCAR01,52.233934,21.028875,63.5,1776,6,94.8,urban,50,1,0
2025-08-09T19:57:50.698120+00:00,TESTCAR01,52.233951,21.028917,60.9,1706,6,94.8,urban,50,1,0
2025-08-09T19:57:50.903725+00:00,TESTCAR01,52.233966,21.028956,57.3,1603,6,94.8,urban,50,1,0
2025-08-09T19:57:51.109414+00:00,TESTCAR01,52.23398,21.028995,54.5,1526,6,94.8,urban,50,0,0
2025-08-09T19:57:51.315684+00:00,TESTCAR01,52.233994,21.02903,50.9,1425,6,94.8,urban,50,0,0
2025-08-09T19:57:51.520623+00:00,TESTCAR01,52.234007,21.029065,50.4,1410,6,94.8,urban,50,0,0
2025-08-09T19:57:51.723532+00:00,TESTCAR01,52.23402,21.029097,47.2,1321,6,94.8,urban,50,0,0
2025-08-09T19:57:51.931207+00:00,TESTCAR01,52.234033,21.029129,46.9,1312,6,94.8,urban,50,0,0
2025-08-09T19:57:52.136738+00:00,TESTCAR01,52.234044,21.029162,46.6,1305,6,94.8,urban,50,0,0
2025-08-09T19:57:52.342414+00:00,TESTCAR01,52.234056,21.029196,47.5,1330,6,94.8,urban,50,0,0
2025-08-09T19:57:52.544411+00:00,TESTCAR01,52.234066,21.029228,44.6,1471,5,94.8,urban,50,0,0
2025-08-09T19:57:52.750609+00:00,TESTCAR01,52.234077,21.029262,46.7,1539,5,94.8,urban,50,0,0
2025-08-09T19:57:52.955000+00:00,TESTCAR01,52.234087,21.029297,47.0,1550,5,94.8,urban,50,0,0
2025-08-09T19:57:53.158143+00:00,TESTCAR01,52.234097,21.029329,44.3,1460,5,94.8,urban,50,0,0
2025-08-09T19:57:53.360901+00:00,TESTCAR01,52.234108,21.029362,46.5,1534,5,94.8,urban,50,0,0
2025-08-09T19:57:53.563632+00:00,TESTCAR01,52.23412,21.029395,46.2,1526,5,94.8,urban,50,0,0
2025-08-09T19:57:53.769820+00:00,TESTCAR01,52.234131,21.029428,46.7,1541,5,94.8,urban,50,0,0
2025-08-09T19:57:53.973004+00:00,TESTCAR01,52.234143,21.029463,49.1,1619,5,94.8,urban,50,0,0
2025-08-09T19:57:54.177450+00:00,TESTCAR01,52.234156,21.029494,45.8,1512,5,94.8,urban,50,0,0
2025-08-09T19:57:54.383278+00:00,TESTCAR01,52.234167,21.029523,43.0,1417,5,94.8,urban,50,0,0
2025-08-09T19:57:54.590067+00:00,TESTCAR01,52.234179,21.02955,39.6,1307,5,94.8,urban,50,0,0
2025-08-09T19:57:54.795706+00:00,TESTCAR01,52.234188,21.029575,35.9,1435,4,94.8,urban,50,0,0
2025-08-09T19:57:55.002426+00:00,TESTCAR01,52.234196,21.029597,32.2,1607,3,94.8,urban,50,0,0
2025-08-09T19:57:55.208893+00:00,TESTCAR01,52.234204,21.029618,29.2,1458,3,94.8,urban,50,0,0
2025-08-09T19:57:55.414302+00:00,TESTCAR01,52.234211,21.029635,25.6,1791,2,94.8,urban,50,0,0
2025-08-09T19:57:55.620888+00:00,TESTCAR01,52.234217,21.02965,21.9,1533,2,94.8,urban,50,0,0
2025-08-09T19:57:55.828226+00:00,TESTCAR01,52.234223,21.029662,18.6,1302,2,94.8,urban,50,0,0
2025-08-09T19:57:56.037133+00:00,TESTCAR01,52.234229,21.029677,21.5,1502,2,94.8,urban,50,0,0
2025-08-09T19:57:56.247001+00:00,TESTCAR01,52.234235,21.029694,24.8,1734,2,94.8,urban,50,0,0
2025-08-09T19:57:56.451582+00:00,TESTCAR01,52.234243,21.029713,27.9,1952,2,94.8,urban,50,0,0
2025-08-09T19:57:56.657395+00:00,TESTCAR01,52.234252,21.029733,30.7,2148,2,94.8,urban,50,0,0
2025-08-09T19:57:56.861623+00:00,TESTCAR01,52.234262,21.029755,33.7,2355,2,94.8,urban,50,0,0
2025-08-09T19:57:57.066168+00:00,TESTCAR01,52.234272,21.029778,35.2,2462,2,94.8,urban,50,0,0
2025-08-09T19:57:57.272158+00:00,TESTCAR01,52.234281,21.0298,31.4,2198,2,94.8,urban,50,0,0
2025-08-09T19:57:57.478331+00:00,TESTCAR01,52.234289,21.029819,28.8,2015,2,94.8,rural,90,0,0
2025-08-09T19:57:57.683714+00:00,TESTCAR01,52.234296,21.029837,26.1,1827,2,94.8,rural,90,0,0
2025-08-09T19:57:57.891785+00:00,TESTCAR01,52.234302,21.029853,22.7,1590,2,94.8,rural,90,0,0
2025-08-09T19:57:58.097439+00:00,TESTCAR01,52.234307,21.029867,19.9,1390,2,94.8,rural,90,0,0
2025-08-09T19:57:58.302244+00:00,TESTCAR01,52.234311,21.029879,16.2,1778,1,94.8,rural,90,0,0
2025-08-09T19:57:58.507631+00:00,TESTCAR01,52.234314,21.029887,12.3,1347,1,94.8,rural,90,0,0
2025-08-09T19:57:58.711586+00:00,TESTCAR01,52.234316,21.029894,8.9,978,1,94.8,rural,90,0,0
2025-08-09T19:57:58.917882+00:00,TESTCAR01,52.234317,21.029898,6.1,800,1,94.8,rural,90,0,0
2025-08-09T19:57:59.123428+00:00,TESTCAR01,52.234318,21.029901,4.3,800,1,94.8,rural,90,0,0
2025-08-09T19:57:59.332995+00:00,TESTCAR01,52.234319,21.029903,3.3,800,1,94.8,rural,90,0,0
2025-08-09T19:57:59.536659+00:00,TESTCAR01,52.23432,21.029904,1.9,800,1,94.8,rural,90,0,0
2025-08-09T19:57:59.742984+00:00,TESTCAR01,52.23432,21.029906,1.6,800,1,94.8,rural,90,0,0
2025-08-09T19:57:59.949477+00:00,TESTCAR01,52.234321,21.029907,1.4,800,1,94.8,rural,90,0,0
2025-08-09T19:58:00.154922+00:00,TESTCAR01,52.234321,21.029907,1.1,800,1,94.8,rural,90,0,0
2025-08-09T19:58:00.357106+00:00,TESTCAR01,52.234321,21.029908,0.9,800,1,94.8,rural,90,0,0
2025-08-09T19:58:00.560120+00:00,TESTCAR01,52.234321,21.029909,1.1,800,1,94.8,rural,90,0,0
2025-08-09T19:58:00.761932+00:00,TESTCAR01,52.234321,21.029909,0.6,800,1,94.8,rural,90,0,0
2025-08-09T19:58:00.965100+00:00,TESTCAR01,52.234322,21.029909,0.2,800,1,94.8,rural,90,0,0
2025-08-09T19:58:01.166958+00:00,TESTCAR01,52.234322,21.029911,2.5,800,1,94.8,rural,90,0,0
2025-08-09T19:58:01.370018+00:00,TESTCAR01,52.234324,21.029914,5.1,800,1,94.8,rural,90,0,0
2025-08-09T19:58:01.572052+00:00,TESTCAR01,52.234326,21.02992,8.3,911,1,94.8,rural,90,0,0
2025-08-09T19:58:01.774936+00:00,TESTCAR01,52.234328,21.029928,10.9,1204,1,94.8,rural,90,0,0
2025-08-09T19:58:01.977804+00:00,TESTCAR01,52.234331,21.029939,14.1,1545,1,94.8,rural,90,0,0
2025-08-09T19:58:02.180133+00:00,TESTCAR01,52.234335,21.02995,16.2,1785,1,94.8,rural,90,0,0
2025-08-09T19:58:02.382914+00:00,TESTCAR01,52.23434,21.029964,19.5,2143,1,94.8,rural,90,0,0
2025-08-09T19:58:02.587982+00:00,TESTCAR01,52.234345,21.02998,22.7,2500,1,94.8,rural,90,0,0
2025-08-09T19:58:02.790127+00:00,TESTCAR01,52.234352,21.029997,25.4,2795,1,94.8,rural,90,0,0
2025-08-09T19:58:02.993131+00:00,TESTCAR01,52.23436,21.030017,28.8,2016,2,94.8,rural,90,0,0
2025-08-09T19:58:03.195516+00:00,TESTCAR01,52.234369,21.030039,31.5,2207,2,94.8,rural,90,0,0
2025-08-09T19:58:03.398112+00:00,TESTCAR01,52.234377,21.030063,34.7,2430,2,94.8,rural,90,0,0
2025-08-09T19:58:03.603502+00:00,TESTCAR01,52.234386,21.03009,37.0,2587,2,94.8,rural,90,0,0
2025-08-09T19:58:03.809667+00:00,TESTCAR01,52.234396,21.030118,39.2,2746,2,94.8,rural,90,0,0
2025-08-09T19:58:04.014138+00:00,TESTCAR01,52.234407,21.030147,42.2,2953,2,94.8,rural,90,0,0
2025-08-09T19:58:04.218839+00:00,TESTCAR01,52.234418,21.030179,45.6,2278,3,94.8,rural,90,0,0
2025-08-09T19:58:04.421233+00:00,TESTCAR01,52.234432,21.030212,48.6,2429,3,94.8,rural,90,0,0
2025-08-09T19:58:04.624375+00:00,TESTCAR01,52.234445,21.030248,51.2,2562,3,94.8,rural,90,0,0
2025-08-09T19:58:04.827554+00:00,TESTCAR01,52.234458,21.030287,53.7,2685,3,94.8,rural,90,0,0
2025-08-09T19:58:05.028918+00:00,TESTCAR01,52.234472,21.030327,57.1,2853,3,94.8,rural,90,0,0
2025-08-09T19:58:05.233222+00:00,TESTCAR01,52.234488,21.030369,60.5,3025,3,94.8,rural,90,0,0
2025-08-09T19:58:05.439836+00:00,TESTCAR01,52.234505,21.030413,63.5,2538,4,94.8,rural,90,0,0
2025-08-09T19:58:05.645367+00:00,TESTCAR01,52.234522,21.03046,66.6,2665,4,94.8,rural,90,0,0
2025-08-09T19:58:05.853171+00:00,TESTCAR01,52.234539,21.030509,69.7,2787,4,94.8,rural,90,0,0
2025-08-09T19:58:06.060197+00:00,TESTCAR01,52.234557,21.03056,73.2,2927,4,94.8,rural,90,0,0
2025-08-09T19:58:06.267456+00:00,TESTCAR01,52.234576,21.030615,76.3,3051,4,94.8,rural,90,0,0
2025-08-09T19:58:06.472924+00:00,TESTCAR01,52.234594,21.030672,78.3,2582,5,94.8,rural,90,0,0
2025-08-09T19:58:06.678330+00:00,TESTCAR01,52.234611,21.030731,80.5,2656,5,94.8,rural,90,0,0
2025-08-09T19:58:06.887322+00:00,TESTCAR01,52.234629,21.030789,79.7,2630,5,94.8,rural,90,0,0
2025-08-09T19:58:07.095955+00:00,TESTCAR01,52.234646,21.03085,82.4,2718,5,94.8,rural,90,0,0
2025-08-09T19:58:07.304225+00:00,TESTCAR01,52.234665,21.030913,85.7,2826,5,94.8,rural,90,0,0
2025-08-09T19:58:07.511729+00:00,TESTCAR01,52.234684,21.030977,87.9,2900,5,94.8,rural,90,0,0
2025-08-09T19:58:07.716389+00:00,TESTCAR01,52.234704,21.031038,84.3,2782,5,94.8,rural,90,0,0
2025-08-09T19:58:07.924600+00:00,TESTCAR01,52.234725,21.031098,84.8,2800,5,94.8,rural,90,0,0
2025-08-09T19:58:08.130710+00:00,TESTCAR01,52.234746,21.031159,85.6,2825,5,94.8,rural,90,0,0
2025-08-09T19:58:08.343118+00:00,TESTCAR01,52.234768,21.031218,84.6,2793,5,94.8,rural,90,0,0
2025-08-09T19:58:08.547520+00:00,TESTCAR01,52.234788,21.03128,85.1,2806,5,94.8,rural,90,0,0
2025-08-09T19:58:08.755054+00:00,TESTCAR01,52.234806,21.031339,81.5,2688,5,94.8,rural,90,0,0
2025-08-09T19:58:08.963519+00:00,TESTCAR01,52.234823,21.031399,81.1,2674,5,94.8,rural,90,0,0
2025-08-09T19:58:09.170014+00:00,TESTCAR01,52.234839,21.031461,82.5,2721,5,94.8,rural,90,0,0
2025-08-09T19:58:09.377838+00:00,TESTCAR01,52.234854,21.031522,80.8,2667,5,94.8,rural,90,0,0
2025-08-09T19:58:09.582292+00:00,TESTCAR01,52.234872,21.031583,83.2,2744,5,94.8,rural,90,0,0
2025-08-09T19:58:09.786372+00:00,TESTCAR01,52.23489,21.031643,81.7,2696,5,94.8,rural,90,0,0
2025-08-09T19:58:09.990120+00:00,TESTCAR01,52.234906,21.031702,79.4,2620,5,94.8,rural,90,0,0
2025-08-09T19:58:10.195058+00:00,TESTCAR01,52.234922,21.031765,82.5,2721,5,94.8,rural,90,0,0
2025-08-09T19:58:10.400456+00:00,TESTCAR01,52.23494,21.031828,85.8,2830,5,94.8,rural,90,0,0
2025-08-09T19:58:10.606691+00:00,TESTCAR01,52.234958,21.031892,86.2,2843,5,94.8,rural,90,0,0
2025-08-09T19:58:10.813626+00:00,TESTCAR01,52.234976,21.031953,82.5,2722,5,94.8,rural,90,0,0
2025-08-09T19:58:11.019881+00:00,TESTCAR01,52.234992,21.032016,84.2,2778,5,94.8,rural,90,0,0
2025-08-09T19:58:11.224518+00:00,TESTCAR01,52.235007,21.032083,87.2,2878,5,94.8,rural,90,0,0
2025-08-09T19:58:11.427815+00:00,TESTCAR01,52.235023,21.03215,88.4,2918,5,94.8,rural,90,0,0
2025-08-09T19:58:11.630176+00:00,TESTCAR01,52.23504,21.032215,86.6,2857,5,94.8,rural,90,0,0
2025-08-09T19:58:11.834482+00:00,TESTCAR01,52.235055,21.032283,88.7,2927,5,94.8,rural,90,0,0
2025-08-09T19:58:12.039541+00:00,TESTCAR01,52.235071,21.03235,87.4,2884,5,94.8,rural,90,0,0
2025-08-09T19:58:12.242661+00:00,TESTCAR01,52.235087,21.032418,89.4,2949,5,94.8,rural,90,0,0
2025-08-09T19:58:12.447214+00:00,TESTCAR01,52.235103,21.032483,86.0,2839,5,94.8,rural,90,0,0
2025-08-09T19:58:12.652924+00:00,TESTCAR01,52.235119,21.032545,82.9,2734,5,94.8,rural,90,0,0
2025-08-09T19:58:12.857149+00:00,TESTCAR01,52.235134,21.032605,79.5,2622,5,94.8,urban,50,1,0
2025-08-09T19:58:13.060909+00:00,TESTCAR01,52.235149,21.032662,75.7,2498,5,94.8,urban,50,1,0
2025-08-09T19:58:13.265592+00:00,TESTCAR01,52.235164,21.032716,72.7,2398,5,94.8,urban,50,1,0
2025-08-09T19:58:13.471996+00:00,TESTCAR01,52.235177,21.032767,68.8,2270,5,94.8,urban,50,1,0
2025-08-09T19:58:13.676557+00:00,TESTCAR01,52.235191,21.032817,66.2,2183,5,94.8,urban,50,1,0
2025-08-09T19:58:13.882886+00:00,TESTCAR01,52.235203,21.032864,62.6,2064,5,94.8,urban,50,1,0
2025-08-09T19:58:14.087434+00:00,TESTCAR01,52.235216,21.032908,59.9,1975,5,94.8,urban,50,1,0
2025-08-09T19:58:14.291717+00:00,TESTCAR01,52.235228,21.032949,55.9,1845,5,94.8,urban,50,1,0
2025-08-09T19:58:14.497908+00:00,TESTCAR01,52.235239,21.032988,52.6,1735,5,94.8,urban,50,0,0
2025-08-09T19:58:14.703716+00:00,TESTCAR01,52.23525,21.033024,49.6,1636,5,94.8,urban,50,0,0
2025-08-09T19:58:14.910210+00:00,TESTCAR01,52.23526,21.033058,46.4,1531,5,94.8,urban,50,0,0
2025-08-09T19:58:15.114986+00:00,TESTCAR01,52.235269,21.03309,43.0,1419,5,94.8,urban,50,0,0
2025-08-09T19:58:15.319275+00:00,TESTCAR01,52.235278,21.033119,39.7,1310,5,94.8,urban,50,0,0
2025-08-09T19:58:15.522209+00:00,TESTCAR01,52.235285,21.033146,35.8,1433,4,94.8,urban,50,0,0
2025-08-09T19:58:15.724317+00:00,TESTCAR01,52.235292,21.03317,32.6,1304,4,94.8,urban,50,0,0
2025-08-09T19:58:15.927467+00:00,TESTCAR01,52.235297,21.033192,28.9,1442,3,94.8,urban,50,0,0
2025-08-09T19:58:16.129298+00:00,TESTCAR01,52.235302,21.033212,26.1,1304,3,94.8,urban,50,0,0
2025-08-09T19:58:16.332331+00:00,TESTCAR01,52.235306,21.033229,22.4,1569,2,94.8,urban,50,0,0
2025-08-09T19:58:16.536832+00:00,TESTCAR01,52.23531,21.033243,19.1,1338,2,94.8,urban,50,0,0
2025-08-09T19:58:16.741956+00:00,TESTCAR01,52.235313,21.033255,16.1,1768,1,94.8,urban,50,0,0
2025-08-09T19:58:16.946448+00:00,TESTCAR01,52.235316,21.033265,12.9,1423,1,94.8,urban,50,0,0
2025-08-09T19:58:17.151471+00:00,TESTCAR01,52.235318,21.033272,9.4,1039,1,94.8,urban,50,0,0
2025-08-09T19:58:17.356983+00:00,TESTCAR01,52.235319,21.033276,5.9,800,1,94.8,urban,50,0,0
2025-08-09T19:58:17.561626+00:00,TESTCAR01,52.23532,21.033279,3.9,800,1,94.8,urban,50,0,0
2025-08-09T19:58:17.767285+00:00,TESTCAR01,52.23532,21.033281,2.7,800,1,94.8,urban,50,0,0
2025-08-09T19:58:17.972062+00:00,TESTCAR01,52.23532,21.033282,1.6,800,1,94.8,urban,50,0,0
2025-08-09T19:58:18.175112+00:00,TESTCAR01,52.235321,21.033283,0.6,800,1,94.8,urban,50,0,0
2025-08-09T19:58:18.378852+00:00,TESTCAR01,52.235321,21.033286,3.4,800,1,94.8,urban,50,0,0
2025-08-09T19:58:18.584543+00:00,TESTCAR01,52.235322,21.03329,5.6,800,1,94.8,urban,50,0,0
2025-08-09T19:58:18.790345+00:00,TESTCAR01,52.235324,21.033296,7.9,865,1,94.8,urban,50,0,0
2025-08-09T19:58:18.997201+00:00,TESTCAR01,52.235325,21.033303,10.1,1112,1,94.8,urban,50,0,0
2025-08-09T19:58:19.203356+00:00,TESTCAR01,52.235328,21.033313,13.4,1472,1,94.8,urban,50,0,0
2025-08-09T19:58:19.407415+00:00,TESTCAR01,52.235331,21.033326,16.6,1824,1,94.8,urban,50,0,0
2025-08-09T19:58:19.609385+00:00,TESTCAR01,52.235335,21.03334,18.9,2077,1,94.8,urban,50,0,0
2025-08-09T19:58:19.812179+00:00,TESTCAR01,52.235339,21.033356,21.5,2362,1,94.8,urban,50,0,0
2025-08-09T19:58:20.014470+00:00,TESTCAR01,52.235344,21.033375,24.5,2694,1,94.8,urban,50,0,0
2025-08-09T19:58:20.216233+00:00,TESTCAR01,52.23535,21.033395,26.9,2954,1,94.8,urban,50,0,0
2025-08-09T19:58:20.417426+00:00,TESTCAR01,52.235356,21.033416,29.7,2077,2,94.8,urban,50,0,0
2025-08-09T19:58:20.621485+00:00,TESTCAR01,52.235364,21.03344,32.6,2280,2,94.8,urban,50,0,0
2025-08-09T19:58:20.829253+00:00,TESTCAR01,52.235372,21.033464,34.1,2385,2,94.8,urban,50,0,0
2025-08-09T19:58:21.032274+00:00,TESTCAR01,52.235381,21.03349,36.9,2581,2,94.8,urban,50,0,0
2025-08-09T19:58:21.234611+00:00,TESTCAR01,52.23539,21.033513,33.1,2318,2,94.8,urban,50,0,0
2025-08-09T19:58:21.436767+00:00,TESTCAR01,52.235397,21.033534,29.5,2066,2,94.8,urban,50,0,0
2025-08-09T19:58:21.640497+00:00,TESTCAR01,52.235404,21.033552,25.8,1808,2,94.8,urban,50,0,0
2025-08-09T19:58:21.841434+00:00,TESTCAR01,52.23541,21.033567,22.3,1564,2,94.8,urban,50,0,0
2025-08-09T19:58:22.046951+00:00,TESTCAR01,52.235415,21.033582,19.8,1384,2,94.8,urban,50,0,0
2025-08-09T19:58:22.251793+00:00,TESTCAR01,52.235419,21.033594,17.3,1898,1,94.8,urban,50,0,0
2025-08-09T19:58:22.456950+00:00,TESTCAR01,52.235422,21.033604,13.3,1468,1,94.8,urban,50,0,0
2025-08-09T19:58:22.663246+00:00,TESTCAR01,52.235426,21.033616,16.6,1824,1,94.8,urban,50,0,0
2025-08-09T19:58:22.865660+00:00,TESTCAR01,52.23543,21.03363,19.7,2169,1,94.8,urban,50,0,0
2025-08-09T19:58:23.068738+00:00,TESTCAR01,52.235435,21.033646,22.2,2442,1,94.8,urban,50,0,0
2025-08-09T19:58:23.275763+00:00,TESTCAR01,52.235442,21.033663,24.4,2688,1,94.8,urban,50,0,0
2025-08-09T19:58:23.480423+00:00,TESTCAR01,52.235449,21.033682,27.8,3055,1,94.8,urban,50,0,0
2025-08-09T19:58:23.684826+00:00,TESTCAR01,52.235458,21.033702,30.0,2097,2,94.8,urban,50,0,0
2025-08-09T19:58:23.891608+00:00,TESTCAR01,52.235467,21.033724,32.4,2268,2,94.8,urban,50,0,0
2025-08-09T19:58:24.098335+00:00,TESTCAR01,52.235476,21.033747,34.0,2377,2,94.8,urban,50,0,0
2025-08-09T19:58:24.300506+00:00,TESTCAR01,52.235488,21.033771,37.3,2608,2,94.8,urban,50,0,0
2025-08-09T19:58:24.505721+00:00,TESTCAR01,52.2355,21.033796,39.9,2790,2,94.8,urban,50,0,0
2025-08-09T19:58:24.709039+00:00,TESTCAR01,52.235514,21.033824,42.7,2991,2,94.8,urban,50,0,0
2025-08-09T19:58:24.914823+00:00,TESTCAR01,52.235529,21.033852,45.7,2285,3,94.8,urban,50,0,0
2025-08-09T19:58:25.117480+00:00,TESTCAR01,52.235545,21.03388,47.5,2375,3,94.8,urban,50,0,0
2025-08-09T19:58:25.321320+00:00,TESTCAR01,52.235561,21.03391,48.7,2434,3,94.8,urban,50,0,0
2025-08-09T19:58:25.525560+00:00,TESTCAR01,52.235577,21.033939,48.9,2446,3,94.8,urban,50,0,0
2025-08-09T19:58:25.729545+00:00,TESTCAR01,52.235594,21.033969,49.7,2483,3,94.8,urban,50,0,0
2025-08-09T19:58:25.935443+00:00,TESTCAR01,52.23561,21.034,48.8,2439,3,94.8,urban,50,0,0
2025-08-09T19:58:26.142687+00:00,TESTCAR01,52.235626,21.034031,49.9,2496,3,94.8,urban,50,0,0
2025-08-09T19:58:26.345065+00:00,TESTCAR01,52.23564,21.034061,47.0,2349,3,94.8,urban,50,0,0
2025-08-09T19:58:26.549227+00:00,TESTCAR01,52.235654,21.034091,45.2,2260,3,94.8,urban,50,0,0
2025-08-09T19:58:26.751269+00:00,TESTCAR01,52.235668,21.034122,48.0,2400,3,94.8,urban,50,0,0
2025-08-09T19:58:26.953535+00:00,TESTCAR01,52.235683,21.034153,48.2,2412,3,94.8,urban,50,0,0
2025-08-09T19:58:27.155332+00:00,TESTCAR01,52.235696,21.034183,45.0,2252,3,94.8,urban,50,0,0
2025-08-09T19:58:27.356283+00:00,TESTCAR01,52.235708,21.034215,46.2,2311,3,94.8,urban,50,0,0
2025-08-09T19:58:27.559636+00:00,TESTCAR01,52.23572,21.034248,46.6,2329,3,94.8,urban,50,0,0
2025-08-09T19:58:27.762796+00:00,TESTCAR01,52.235731,21.034279,44.5,2225,3,94.8,urban,50,0,0
2025-08-09T19:58:27.964880+00:00,TESTCAR01,52.235742,21.03431,43.4,2170,3,94.8,urban,50,0,0
2025-08-09T19:58:28.169905+00:00,TESTCAR01,52.235755,21.034341,45.7,2285,3,94.8,urban,50,0,0
2025-08-09T19:58:28.375500+00:00,TESTCAR01,52.235769,21.034374,48.9,2445,3,94.8,urban,50,0,0
2025-08-09T19:58:28.582002+00:00,TESTCAR01,52.235783,21.034408,50.4,2518,3,94.8,urban,50,0,0
2025-08-09T19:58:28.786376+00:00,TESTCAR01,52.235796,21.034439,47.3,2364,3,94.8,urban,50,0,0
2025-08-09T19:58:28.991723+00:00,TESTCAR01,52.235812,21.034472,50.4,2520,3,94.8,urban,50,0,0
2025-08-09T19:58:29.199765+00:00,TESTCAR01,52.235826,21.034502,47.0,2351,3,94.8,urban,50,0,0
2025-08-09T19:58:29.407416+00:00,TESTCAR01,52.23584,21.034531,44.2,2210,3,94.8,urban,50,0,0
2025-08-09T19:58:29.611589+00:00,TESTCAR01,52.235854,21.03456,46.1,2304,3,94.8,urban,50,0,0
2025-08-09T19:58:29.816573+00:00,TESTCAR01,52.235867,21.034587,42.3,2115,3,94.8,urban,50,0,0
2025-08-09T19:58:30.021677+00:00,TESTCAR01,52.23588,21.034618,45.8,2287,3,94.8,urban,50,0,0
2025-08-09T19:58:30.226577+00:00,TESTCAR01,52.235895,21.03465,48.9,2446,3,94.8,urban,50,0,0
2025-08-09T19:58:30.433026+00:00,TESTCAR01,52.235909,21.034681,47.8,2390,3,94.8,urban,50,0,0
2025-08-09T19:58:30.638062+00:00,TESTCAR01,52.235923,21.034714,49.3,2463,3,94.8,urban,50,0,0
2025-08-09T19:58:30.848015+00:00,TESTCAR01,52.235938,21.034748,50.6,2531,3,94.8,urban,50,0,0
2025-08-09T19:58:31.052617+00:00,TESTCAR01,52.235951,21.03478,47.2,2357,3,94.8,urban,50,0,0
2025-08-09T19:58:31.255761+00:00,TESTCAR01,52.235964,21.034814,49.0,2450,3,94.8,urban,50,0,0
2025-08-09T19:58:31.459881+00:00,TESTCAR01,52.235975,21.034848,48.3,2416,3,94.8,urban,50,0,0
2025-08-09T19:58:31.663661+00:00,TESTCAR01,52.235988,21.034883,49.4,2471,3,94.8,urban,50,0,0
2025-08-09T19:58:31.866488+00:00,TESTCAR01,52.236001,21.034919,51.5,2574,3,94.8,urban,50,0,0
2025-08-09T19:58:32.070871+00:00,TESTCAR01,52.236014,21.034956,51.5,2574,3,94.8,urban,50,0,0
2025-08-09T19:58:32.278125+00:00,TESTCAR01,52.236026,21.03499,48.6,2429,3,94.8,urban,50,0,0
2025-08-09T19:58:32.484583+00:00,TESTCAR01,52.236037,21.035025,48.5,2426,3,94.8,urban,50,0,0
2025-08-09T19:58:32.690000+00:00,TESTCAR01,52.236047,21.035058,45.2,2262,3,94.8,urban,50,0,0
2025-08-09T19:58:32.903260+00:00,TESTCAR01,52.236056,21.035092,45.0,2251,3,94.8,urban,50,0,0
2025-08-09T19:58:33.106377+00:00,TESTCAR01,52.236067,21.035125,45.8,2292,3,94.8,urban,50,0,0
2025-08-09T19:58:33.311218+00:00,TESTCAR01,52.236076,21.035157,43.2,2161,3,94.8,urban,50,0,0
2025-08-09T19:58:33.518454+00:00,TESTCAR01,52.236085,21.035192,45.8,2290,3,94.8,urban,50,0,0
2025-08-09T19:58:33.726343+00:00,TESTCAR01,52.236094,21.035225,45.6,2280,3,94.8,urban,50,0,0
2025-08-09T19:58:33.938202+00:00,TESTCAR01,52.236103,21.035258,43.8,2188,3,94.8,urban,50,0,0
2025-08-09T19:58:34.144051+00:00,TESTCAR01,52.236111,21.035291,43.7,2186,3,94.8,urban,50,0,0
2025-08-09T19:58:34.349714+00:00,TESTCAR01,52.23612,21.035325,44.7,2233,3,94.8,urban,50,0,0
2025-08-09T19:58:34.556983+00:00,TESTCAR01,52.23613,21.035358,45.0,2251,3,94.8,urban,50,0,0
2025-08-09T19:58:34.762793+00:00,TESTCAR01,52.236139,21.03539,43.0,2151,3,94.8,urban,50,0,0
2025-08-09T19:58:34.966762+00:00,TESTCAR01,52.236146,21.035421,40.9,2047,3,94.8,urban,50,0,0
2025-08-09T19:58:35.171414+00:00,TESTCAR01,52.236154,21.03545,39.1,1953,3,94.8,urban,50,0,0
2025-08-09T19:58:35.374053+00:00,TESTCAR01,52.236162,21.035478,37.7,1885,3,94.8,urban,50,0,0
2025-08-09T19:58:35.578583+00:00,TESTCAR01,52.236169,21.035507,37.7,1883,3,94.8,urban,50,0,0
2025-08-09T19:58:35.782443+00:00,TESTCAR01,52.236175,21.035535,37.5,1875,3,94.8,urban,50,0,0
2025-08-09T19:58:35.986278+00:00,TESTCAR01,52.236182,21.035565,38.7,1935,3,94.8,urban,50,0,0
2025-08-09T19:58:36.190165+00:00,TESTCAR01,52.236189,21.035597,41.9,2095,3,94.8,urban,50,0,0
2025-08-09T19:58:36.395314+00:00,TESTCAR01,52.236196,21.035631,44.6,2228,3,94.8,urban,50,0,0
2025-08-09T19:58:36.604984+00:00,TESTCAR01,52.236204,21.035662,40.8,2042,3,94.8,urban,50,0,0
2025-08-09T19:58:36.811204+00:00,TESTCAR01,52.236211,21.035696,44.2,2208,3,94.8,urban,50,0,0
2025-08-09T19:58:37.015775+00:00,TESTCAR01,52.236218,21.035732,45.8,2292,3,94.8,urban,50,0,0
2025-08-09T19:58:37.224758+00:00,TESTCAR01,52.236225,21.035769,47.5,2374,3,94.8,urban,50,0,0
2025-08-09T19:58:37.430851+00:00,TESTCAR01,52.236231,21.035804,45.0,2247,3,94.8,urban,50,0,0
2025-08-09T19:58:37.637348+00:00,TESTCAR01,52.236237,21.035837,42.3,2114,3,94.8,urban,50,0,0
2025-08-09T19:58:37.843200+00:00,TESTCAR01,52.236243,21.035868,39.4,1972,3,94.8,urban,50,0,0
2025-08-09T19:58:38.045337+00:00,TESTCAR01,52.236248,21.035896,35.9,1792,3,94.8,urban,50,0,0
2025-08-09T19:58:38.246981+00:00,TESTCAR01,52.236253,21.035922,33.1,1653,3,94.8,urban,50,0,0
2025-08-09T19:58:38.464047+00:00,TESTCAR01,52.236257,21.035945,29.2,1462,3,94.8,urban,50,0,0
2025-08-09T19:58:38.666188+00:00,TESTCAR01,52.236261,21.035965,25.7,1798,2,94.8,urban,50,0,0
2025-08-09T19:58:38.867144+00:00,TESTCAR01,52.236265,21.035987,28.1,1968,2,94.8,urban,50,0,0
2025-08-09T19:58:39.071508+00:00,TESTCAR01,52.23627,21.036006,25.5,1781,2,94.8,urban,50,0,0
2025-08-09T19:58:39.275720+00:00,TESTCAR01,52.236273,21.036023,22.1,1548,2,94.8,urban,50,0,0
2025-08-09T19:58:39.480271+00:00,TESTCAR01,52.236277,21.036037,18.4,2029,1,94.8,urban,50,0,0
2025-08-09T19:58:39.684250+00:00,TESTCAR01,52.236279,21.036049,15.9,1744,1,94.8,urban,50,0,0
2025-08-09T19:58:39.890060+00:00,TESTCAR01,52.236282,21.036059,12.6,1384,1,94.8,urban,50,0,0
2025-08-09T19:58:40.094502+00:00,TESTCAR01,52.236283,21.036066,9.2,1010,1,94.8,urban,50,0,0
2025-08-09T19:58:40.300066+00:00,TESTCAR01,52.236284,21.03607,5.4,800,1,94.8,urban,50,0,0
2025-08-09T19:58:40.505765+00:00,TESTCAR01,52.236285,21.036073,4.2,800,1,94.8,urban,50,0,0
2025-08-09T19:58:40.710182+00:00,TESTCAR01,52.236285,21.036075,2.0,800,1,94.8,urban,50,0,0
2025-08-09T19:58:40.913750+00:00,TESTCAR01,52.236286,21.036076,2.0,800,1,94.8,urban,50,0,0
2025-08-09T19:58:41.116575+00:00,TESTCAR01,52.236286,21.036077,1.3,800,1,94.8,urban,50,0,0
2025-08-09T19:58:41.321136+00:00,TESTCAR01,52.236286,21.036078,0.5,800,1,94.8,urban,50,0,0
2025-08-09T19:58:41.525161+00:00,TESTCAR01,52.236286,21.036078,0.5,800,1,94.8,urban,50,0,0
2025-08-09T19:58:41.730929+00:00,TESTCAR01,52.236286,21.036078,0.2,800,1,94.8,urban,50,0,0
2025-08-09T19:58:41.935303+00:00,TESTCAR01,52.236286,21.036079,0.6,800,1,94.8,urban,50,0,0
2025-08-09T19:58:42.139434+00:00,TESTCAR01,52.236286,21.036079,0.0,800,1,94.8,urban,50,0,0
2025-08-09T19:58:42.343009+00:00,TESTCAR01,52.236286,21.036079,0.5,800,1,94.8,urban,50,0,0
2025-08-09T19:58:42.545134+00:00,TESTCAR01,52.236286,21.03608,0.7,800,1,94.8,urban,50,0,0
2025-08-09T19:58:42.748141+00:00,TESTCAR01,52.236286,21.03608,0.0,800,1,94.8,urban,50,0,0
2025-08-09T19:58:42.951959+00:00,TESTCAR01,52.236286,21.03608,0.4,800,1,94.8,urban,50,0,0
2025-08-09T19:58:43.155243+00:00,TESTCAR01,52.236286,21.03608,0.0,800,1,94.8,urban,50,0,0
2025-08-09T19:58:43.358046+00:00,TESTCAR01,52.236286,21.03608,0.0,800,1,94.8,urban,50,0,0
2025-08-09T19:58:43.562095+00:00,TESTCAR01,52.236287,21.03608,0.6,800,1,94.8,urban,50,0,0
2025-08-09T19:58:43.766077+00:00,TESTCAR01,52.236287,21.03608,0.0,800,1,94.8,urban,50,0,0
2025-08-09T19:58:43.970295+00:00,TESTCAR01,52.236287,21.03608,0.1,800,1,94.8,urban,50,0,0
2025-08-09T19:58:44.174151+00:00,TESTCAR01,52.236287,21.03608,0.0,800,1,94.8,urban,50,0,0
2025-08-09T19:58:44.376337+00:00,TESTCAR01,52.236287,21.036081,0.4,800,1,94.8,urban,50,0,0
2025-08-09T19:58:44.580115+00:00,TESTCAR01,52.236287,21.036081,0.9,800,1,94.8,urban,50,0,0
2025-08-09T19:58:44.783472+00:00,TESTCAR01,52.236287,21.036082,1.3,800,1,94.8,urban,50,0,0
2025-08-09T19:58:44.987220+00:00,TESTCAR01,52.236287,21.036086,4.4,800,1,94.8,urban,50,0,0
2025-08-09T19:58:45.191629+00:00,TESTCAR01,52.236288,21.036091,7.1,800,1,94.8,urban,50,0,0
2025-08-09T19:58:45.406230+00:00,TESTCAR01,52.23629,21.036099,10.2,1121,1,94.8,urban,50,0,0
2025-08-09T19:58:45.609519+00:00,TESTCAR01,52.236292,21.036109,12.9,1423,1,94.8,urban,50,0,0
2025-08-09T19:58:45.819462+00:00,TESTCAR01,52.236295,21.036121,15.4,1697,1,94.8,urban,50,0,0
2025-08-09T19:58:46.024065+00:00,TESTCAR01,52.236297,21.036135,18.2,2006,1,94.8,urban,50,0,0
2025-08-09T19:58:46.228906+00:00,TESTCAR01,52.2363,21.036152,20.9,2296,1,94.8,urban,50,0,0
2025-08-09T19:58:46.433336+00:00,TESTCAR01,52.236303,21.036171,23.9,2632,1,94.8,urban,50,0,0
2025-08-09T19:58:46.638166+00:00,TESTCAR01,52.236307,21.036192,27.3,3007,1,94.8,urban,50,0,0
